省份,机构名称,网址
ON,Ontario Public Service,https://www.gojobs.gov.on.ca/Search.aspx
ON,City of Toronto,https://jobs.toronto.ca/jobsatcity/search/
ON,University of Toronto,https://jobs.utoronto.ca/go/Staff-Opportunities/2607517/
ON,City of Markham,https://workforcenow.adp.com/mascsr/default/mdf/recruitment/recruitment.html?cid=04bf51f8-d2dd-4641-ba92-183522f6e8b3&ccId=19000101_000001&type=MP&lang=en_CA&selectedMenuKey=CurrentOpenings
ON,City of Richmondhill,https://jobs.richmondhill.ca/search/?createNewAlert=false&q=&optionsFacetsDD_dept=
ON,Ontario Health,https://oh.wd3.myworkdayjobs.com/OH
ON,Metrolinx,https://ehtc.fa.ca2.oraclecloud.com/hcmUI/CandidateExperience/en/sites/CX_1/jobs?mode=location
ON,Infrastructure Ontario,https://jobs.dayforcehcm.com/en-US/infrastructureontario/CANDIDATEPORTAL
ON,Workplace Safety and Insurance Board,https://erecruit.wsib.on.ca/PSHREXTP/start.html
ON,Toronto Transit Commission,https://career17.sapsf.com/career?company=TTCPRODUCTION&career%5fns=job%5flisting%5fsummary&navBarLevel=JOB%5fSEARCH&_s.crb=zfawmWjQwzuGj7c28D%2bVf%2b4g1tiFG23rsjUdeRJCV%2f8%3d
ON,Ontario Centre of Innovation,https://workforcenow.adp.com/mascsr/default/mdf/recruitment/recruitment.html?cid=a01edbd8-b11b-4255-8ebe-8b9b59c0b76b&ccId=19000101_000001&type=JS&lang=en_CA
ON,Toronto Community Housing,https://tre.tbe.taleo.net/tre01/ats/careers/v2/searchResults?org=TCHC&cws=45
ON,Hydro One Networks Inc,https://jobs.hydroone.com/search?_gl=1*18tx656*_gcl_au*MTU4MTcxNDYyNi4xNzc3NjQ5OTEw
ON,Independent Electricity System Operator,https://careers.ieso.ca/search/?createNewAlert=false&q=&optionsFacetsDD_customfield2=&optionsFacetsDD_customfield1=
BC,BC Public Service,https://bcpublicservice.hua.hrsmart.com/hr/ats/JobSearch/search